Feature Name,Technical Mechanism,Strategic Innovation,Primary Benefit,Operational State (Inferred),Implementation Requirement (Inferred),Source
Decentralized Evolutionary Coordination,DAG-structured routing and Router/Executor dual-role architecture across all agent nodes.,Transitions from traditional centralized/isolated models to a collaboration-centric approach using dynamic Directed Acyclic Graphs for coordinating complex dependencies.,"Enhances scalability, fault tolerance, and reliability through autonomous coordination and emergent collective intelligence without single points of failure.",Task processing and evolved state,"LLM backbone (e.g., GPT-4), coordination protocol, and independent routing logic per node.",1-3
Retrieval-Augmented Memory (RAG) Integration,"Vector-based databases, persistent long-term memory pools, and BM25 search rebuilt from flat files.",Moves beyond simple semantic similarity by modeling documents as dependency graphs and decoupling canonical storage from retrieval speed to support multihop reasoning.,Mitigates context rot and reduces hallucinations by grounding decisions in extensive external knowledge while maintaining human-readable transparency.,Initialization and task processing,"Specific memory pool configurations (e.g., vector DBs), SQLite with vector extensions, and LLM orchestrators.","1, 4-7"
Dynamic Graph Topologies,Directed Acyclic Graph (DAG) network using selective DFS traversal and adaptive weighting/edge pruning based on execution observations.,"Replaces static, hardcoded workflows and role assignments with real-time reconfiguration that evolves based on environment demands and agent performance.",Significant scalability in processing diverse real-world tasks while optimizing information flow and reducing overhead.,Task processing and evolved state,"Python interpreter, LLM backbones, dynamic weight matrix maintenance, and Standard Operational Procedure (SOP) sets.","2, 3, 5"
Adaptive Learning Memory System,Retrieval-based mechanism where agents maintain fixed-size pools ( $M_{rou}$  and  $M_{exe}$ ) of successful task trajectories.,Facilitates continuous specialization through few-shot learning from local experiences instead of relying on global static role definitions.,Promotes scalable expertise refinement and safeguards intellectual property through local data storage and privacy-preserving collaboration.,Task processing and evolved state,"Limited-capacity memory modules and semantic embedding functions (e.g., BAAI/bge-large-en-v1.5).","2, 3"
Dual-Role Architecture,Internal agent workflow containing a Router for analyzing queries/routing and an Executor for operations/tools.,Encapsulates the 'plan vs execute' logic within every individual node rather than relying on a centralized planning agent.,"Supports autonomous task propagation, local expertise development, and better load balancing across the swarm.",Initialization and task processing,"Substantial LLM backbone per agent (e.g., DeepSeek-V3 or GPT-4o-mini).","2, 3"
DAG-Structured Task Routing,"Agents utilize a Finite State Machine to perform Forward ( $O_{fwd}$ ), Split ( $O_{split}$ ), or Execute ( $O_{exec}$ ) operations.","Enables flexible, asynchronous collaboration without cyclic dependencies, moving away from rigid serial workflows.",Prevents infinite loops and optimizes workload distribution based on dynamically updated agent capability vectors.,Task processing,Router module capable of task decomposition reasoning and similarity functions for requirement matching.,"2, 3"
Markdown-Canonical Storage,"Externalized flat file storage (MEMORY.md, PROJECT.md) used as the primary state source.","Moves state out of the LLM context window to external files to prevent context rot and ""amnesia.""",Achieves 15% better token efficiency than JSON and ensures human-readable/editable transparency for the source of truth.,Initialization and state persistence,Flat file repository structure (/docs) and Git version control.,6
Structured Solution Storage,Logging failures in a strict 'Scenario -> Attempt -> Solution' format with attribute-based tagging.,"Specifically retrieves past failures (""negative knowledge"") to prevent repeated mistakes, addressing a common gap in multi-agent systems.",Increases reliability and compute efficiency by avoiding known-bad implementation paths.,Pre-task initialization,Custom taxonomy for failure categories and Wilson score interval for voting.,"6, 8, 9"
Episodic Thread Weaving,Orchestrator dispatches sub-agents (Threads) to complete single actions in isolation with compressed returns.,Replaces chaotic multi-agent chat with OS-style isolated execution and compressed 'Episode' returns.,Prevents token explosion and context contamination across agent swarms.,Task processing (Execution),Stateless worker process management and Episodic Return compression logic.,6
The Tool Shed (Meta-Agentics),Lightweight routing agent searches a Model Context Protocol (MCP) server for specific tool selection.,Implements dynamic tool loading based on task requirements instead of providing full toolsets to every agent.,Massive token savings and significant reduction in tool-related hallucinations.,Task processing (Routing),Model Context Protocol (MCP) server and a lightweight Tool Selector prompt.,6
Consortium Consistency (Voter),"Simultaneous querying of diverse models (Claude, GPT, Gemini) with majority voting and entropy scoring.",Uses multi-model disagreement as a tool for uncertainty and hallucination detection.,Mathematical reduction of hallucinations and increased reliability in high-stakes tasks.,Evolved state (Validation),Multi-model API access and semantic clustering logic.,"6, 10, 11"
Ralph Wiggum Loop (Context Reset),Mandatory termination of agent processes upon task completion or context saturation.,"Ensures agents always start with a clean context window, reading only relevant data from external state.",Eliminates performance degradation caused by 'lost-in-the-middle' effects and context bloat.,Task processing (Cleanup),Deterministic orchestrator script to handle process kill-and-restart cycles.,6
JSON Memory Packets,High-fidelity context compression (20:1 ratio) using structured JSON schemas for session handoffs.,"Captures 'decisions over discussion,' explicitly recording rejected ideas and risks often lost in standard summaries.",Maintains 97% reconstruction fidelity for long-horizon projects while drastically saving context window space.,State persistence (Handoff),Compression/Decompression agent prompts and UUID v4 packet tracking.,"6, 12"